,사고번호,사고일시,요일,시군구,사고내용,사망자수,중상자수,경상자수,부상신고자수,사고유형,법규위반,노면상태,기상상태,도로형태,가해운전자 차종,가해운전자 성별,가해운전자 연령,가해운전자 상해정도,피해운전자 차종,피해운전자 성별,피해운전자 연령,피해운전자 상해정도
102,2018021200100731,2018년 2월 12일 22시,월요일,제주특별자치도 제주시 건입동,중상사고,0,1,0,0,차대사람 - 횡단중,안전운전불이행,포장 - 건조,맑음,단일로 - 기타,승용,남,41세,상해없음,보행자,남,62세,중상
103,2018021300100257,2018년 2월 13일 10시,화요일,제주특별자치도 제주시 일도이동,경상사고,0,0,1,0,차대사람 - 횡단중,보행자보호의무위반,포장 - 건조,맑음,교차로 - 교차로횡단보도내,승용,남,68세,상해없음,보행자,여,61세,경상
104,2018021300100306,2018년 2월 13일 11시,화요일,제주특별자치도 서귀포시 표선면,중상사고,0,1,0,0,차대사람 - 기타,안전운전불이행,포장 - 건조,맑음,단일로 - 기타,화물,남,61세,상해없음,보행자,남,5세,중상
105,2018021300100307,2018년 2월 13일 11시,화요일,제주특별자치도 제주시 외도일동,경상사고,0,0,1,0,차대사람 - 기타,안전운전불이행,포장 - 기타,맑음,기타 - 기타,승용,여,64세,상해없음,보행자,남,8세,경상
106,2018021300100410,2018년 2월 13일 14시,화요일,제주특별자치도 서귀포시 토평동,중상사고,0,1,0,0,차대사람 - 차도통행중,안전운전불이행,포장 - 건조,맑음,단일로 - 기타,승용,남,28세,상해없음,보행자,여,83세,중상
107,2018021300100565,2018년 2월 13일 17시,화요일,제주특별자치도 제주시 연동,경상사고,0,0,1,0,차대사람 - 보도통행중,보행자보호의무위반,포장 - 건조,맑음,단일로 - 기타,승용,남,52세,상해없음,보행자,남,7세,경상
108,2018021400100119,2018년 2월 14일 06시,수요일,제주특별자치도 제주시 애월읍,중상사고,0,1,0,0,차대사람 - 횡단중,안전운전불이행,포장 - 건조,맑음,단일로 - 기타,승용,남,59세,상해없음,보행자,여,57세,중상
109,2018021400100353,2018년 2월 14일 14시,수요일,제주특별자치도 제주시 이도이동,경상사고,0,0,1,0,차대사람 - 기타,안전운전불이행,포장 - 건조,맑음,단일로 - 기타,승용,남,28세,상해없음,보행자,여,45세,경상
110,2018021400100486,2018년 2월 14일 17시,수요일,제주특별자치도 서귀포시 서귀동,경상사고,0,0,1,0,차대사람 - 차도통행중,안전운전불이행,포장 - 건조,맑음,단일로 - 기타,화물,남,53세,상해없음,보행자,여,53세,경상
111,2018021500100037,2018년 2월 15일 01시,목요일,제주특별자치도 제주시 노형동,경상사고,0,0,1,0,차대사람 - 차도통행중,안전운전불이행,포장 - 건조,흐림,교차로 - 교차로부근,승용,남,38세,상해없음,보행자,남,42세,경상
112,2018021500100404,2018년 2월 15일 21시,목요일,제주특별자치도 서귀포시 남원읍,중상사고,0,1,0,0,차대사람 - 기타,안전운전불이행,포장 - 건조,맑음,기타 - 기타,승용,남,59세,상해없음,보행자,남,22세,중상
113,2018021700100011,2018년 2월 17일 00시,토요일,제주특별자치도 제주시 연동,중상사고,0,1,0,0,차대사람 - 기타,안전운전불이행,포장 - 건조,흐림,교차로 - 교차로횡단보도내,승용,남,32세,상해없음,보행자,남,35세,중상
114,2018021700100060,2018년 2월 17일 05시,토요일,제주특별자치도 서귀포시 서홍동,중상사고,0,1,0,0,차대사람 - 횡단중,보행자보호의무위반,포장 - 건조,맑음,교차로 - 교차로부근,승용,남,36세,상해없음,보행자,여,70세,중상
115,2018021700100383,2018년 2월 17일 23시,토요일,제주특별자치도 제주시 이도이동,중상사고,0,1,0,0,차대사람 - 기타,안전운전불이행,포장 - 건조,맑음,단일로 - 기타,승용,남,51세,상해없음,보행자,남,49세,중상
116,2018021800100172,2018년 2월 18일 14시,일요일,제주특별자치도 제주시 용담이동,경상사고,0,0,1,0,차대사람 - 횡단중,안전운전불이행,포장 - 건조,맑음,단일로 - 기타,승용,남,56세,상해없음,보행자,여,32세,경상
117,2018021900100022,2018년 2월 19일 02시,월요일,제주특별자치도 제주시 일도이동,경상사고,0,0,1,0,차대사람 - 횡단중,보행자보호의무위반,포장 - 젖음/습기,비,교차로 - 교차로안,승용,남,26세,상해없음,보행자,남,53세,경상
118,2018021900100183,2018년 2월 19일 12시,월요일,제주특별자치도 제주시 한림읍,중상사고,0,1,0,0,차대사람 - 기타,안전운전불이행,포장 - 건조,맑음,단일로 - 기타,기타불명,기타불명,미분류,기타불명,보행자,여,82세,중상
119,2018021900100398,2018년 2월 19일 19시,월요일,제주특별자치도 제주시 애월읍,사망사고,1,0,0,0,차대사람 - 길가장자리구역통행중,안전운전불이행,포장 - 건조,맑음,단일로 - 기타,승용,남,76세,상해없음,보행자,남,58세,사망
120,2018021900100434,2018년 2월 19일 20시,월요일,제주특별자치도 제주시 이도이동,경상사고,0,0,1,0,차대사람 - 기타,안전운전불이행,포장 - 건조,맑음,단일로 - 기타,승용,남,22세,상해없음,보행자,여,18세,경상
121,2018022000100013,2018년 2월 20일 00시,화요일,제주특별자치도 서귀포시 동홍동,중상사고,0,1,0,0,차대사람 - 횡단중,안전운전불이행,포장 - 건조,맑음,교차로 - 교차로안,승용,남,33세,상해없음,보행자,남,52세,중상
122,2018022000100085,2018년 2월 20일 06시,화요일,제주특별자치도 제주시 이도일동,경상사고,0,0,1,0,차대사람 - 횡단중,보행자보호의무위반,포장 - 건조,맑음,교차로 - 교차로횡단보도내,승합,남,43세,상해없음,보행자,여,64세,경상
123,2018022000100443,2018년 2월 20일 20시,화요일,제주특별자치도 제주시 삼도이동,중상사고,0,1,0,0,차대사람 - 기타,안전운전불이행,포장 - 건조,맑음,단일로 - 기타,기타불명,기타불명,미분류,기타불명,보행자,남,58세,중상
124,2018022100100347,2018년 2월 21일 18시,수요일,제주특별자치도 서귀포시 서호동,중상사고,0,2,0,0,차대사람 - 횡단중,보행자보호의무위반,포장 - 건조,맑음,교차로 - 교차로부근,화물,여,58세,상해없음,보행자,여,43세,중상
125,2018022100100348,2018년 2월 21일 18시,수요일,제주특별자치도 제주시 애월읍,중상사고,0,1,0,0,차대사람 - 기타,안전운전불이행,포장 - 건조,맑음,단일로 - 기타,승합,여,63세,상해없음,보행자,여,7세,중상
126,2018022100100421,2018년 2월 21일 20시,수요일,제주특별자치도 제주시 이도이동,중상사고,0,1,0,0,차대사람 - 횡단중,안전운전불이행,포장 - 건조,맑음,단일로 - 기타,이륜,남,22세,상해없음,보행자,남,59세,중상
127,2018022200100418,2018년 2월 22일 18시,목요일,제주특별자치도 제주시 노형동,경상사고,0,0,1,0,차대사람 - 기타,안전운전불이행,포장 - 기타,맑음,기타 - 기타,승용,여,55세,상해없음,보행자,남,43세,경상
128,2018022300100021,2018년 2월 23일 00시,금요일,제주특별자치도 서귀포시 강정동,부상신고사고,0,0,0,1,차대사람 - 기타,안전운전불이행,포장 - 건조,맑음,교차로 - 교차로부근,승용,여,43세,상해없음,보행자,여,39세,부상신고
129,2018022300100265,2018년 2월 23일 11시,금요일,제주특별자치도 서귀포시 중문동,중상사고,0,1,0,0,차대사람 - 횡단중,보행자보호의무위반,포장 - 기타,맑음,교차로 - 교차로횡단보도내,이륜,남,73세,상해없음,보행자,여,73세,중상
130,2018022300100488,2018년 2월 23일 19시,금요일,제주특별자치도 제주시 이도이동,경상사고,0,0,1,0,차대사람 - 기타,안전운전불이행,포장 - 건조,맑음,교차로 - 교차로안,기타불명,기타불명,미분류,기타불명,보행자,여,26세,경상
131,2018022400100370,2018년 2월 24일 17시,토요일,제주특별자치도 제주시 해안동,중상사고,0,1,0,0,차대사람 - 길가장자리구역통행중,안전운전불이행,포장 - 건조,맑음,단일로 - 기타,화물,남,53세,상해없음,보행자,남,75세,중상
132,2018022400100450,2018년 2월 24일 20시,토요일,제주특별자치도 서귀포시 동홍동,사망사고,1,0,0,0,차대사람 - 횡단중,안전운전불이행,포장 - 건조,맑음,교차로 - 교차로부근,승용,남,60세,상해없음,보행자,남,80세,사망
133,2018022400100468,2018년 2월 24일 21시,토요일,제주특별자치도 제주시 애월읍,사망사고,1,0,0,0,차대사람 - 횡단중,안전운전불이행,포장 - 건조,기타,단일로 - 기타,승합,남,53세,상해없음,보행자,남,43세,사망
134,2018022500100079,2018년 2월 25일 06시,일요일,제주특별자치도 서귀포시 남원읍,사망사고,1,0,0,0,차대사람 - 횡단중,중앙선침범,포장 - 건조,맑음,단일로 - 기타,승용,남,77세,상해없음,보행자,남,64세,사망
135,2018022500100320,2018년 2월 25일 19시,일요일,제주특별자치도 제주시 노형동,경상사고,0,0,1,0,차대사람 - 기타,안전운전불이행,포장 - 건조,맑음,교차로 - 교차로부근,승용,여,46세,상해없음,보행자,남,42세,경상
136,2018022500100381,2018년 2월 25일 22시,일요일,제주특별자치도 제주시 용담이동,부상신고사고,0,0,0,1,차대사람 - 기타,기타,포장 - 건조,맑음,기타 - 기타,승용,남,42세,상해없음,보행자,여,24세,부상신고
137,2018022600100208,2018년 2월 26일 11시,월요일,제주특별자치도 제주시 애월읍,중상사고,0,1,0,0,차대사람 - 횡단중,보행자보호의무위반,포장 - 건조,맑음,교차로 - 교차로안,화물,남,64세,상해없음,보행자,남,71세,중상
138,2018022700100286,2018년 2월 27일 15시,화요일,제주특별자치도 서귀포시 서홍동,경상사고,0,0,1,0,차대사람 - 기타,안전운전불이행,포장 - 건조,맑음,단일로 - 기타,승용,남,18세,기타불명,보행자,남,23세,경상
139,2018022700100430,2018년 2월 27일 19시,화요일,제주특별자치도 제주시 애월읍,경상사고,0,0,1,0,차대사람 - 기타,안전운전불이행,포장 - 건조,맑음,주차장 - 주차장,승용,여,65세,상해없음,보행자,남,34세,경상
140,2018022700100531,2018년 2월 27일 22시,화요일,제주특별자치도 제주시 연동,경상사고,0,0,1,0,차대사람 - 기타,안전운전불이행,포장 - 건조,맑음,단일로 - 기타,승용,여,57세,상해없음,보행자,남,43세,경상
141,2018030100100334,2018년 3월 1일 16시,목요일,제주특별자치도 제주시 일도일동,중상사고,0,1,0,0,차대사람 - 기타,안전운전불이행,포장 - 건조,맑음,단일로 - 기타,승합,남,55세,상해없음,보행자,여,25세,중상
142,2018030100100490,2018년 3월 1일 23시,목요일,제주특별자치도 제주시 오등동,중상사고,0,1,0,0,차대사람 - 기타,안전운전불이행,포장 - 건조,맑음,단일로 - 기타,승용,여,49세,상해없음,보행자,남,48세,중상
143,2018030200100135,2018년 3월 2일 09시,금요일,제주특별자치도 서귀포시 중문동,중상사고,0,1,0,0,차대사람 - 차도통행중,안전운전불이행,포장 - 건조,맑음,기타 - 기타,화물,남,57세,상해없음,보행자,남,88세,중상
144,2018030200100252,2018년 3월 2일 13시,금요일,제주특별자치도 제주시 이호이동,중상사고,0,1,0,0,차대사람 - 기타,보행자보호의무위반,포장 - 건조,맑음,교차로 - 교차로횡단보도내,화물,남,64세,상해없음,보행자,여,32세,중상
145,2018030200100253,2018년 3월 2일 13시,금요일,제주특별자치도 제주시 애월읍,경상사고,0,0,1,0,차대사람 - 기타,안전운전불이행,포장 - 기타,맑음,기타 - 기타,원동기,남,50세,상해없음,보행자,여,13세,경상
146,2018030200100378,2018년 3월 2일 16시,금요일,제주특별자치도 제주시 노형동,경상사고,0,0,2,0,차대사람 - 보도통행중,보행자보호의무위반,포장 - 건조,맑음,단일로 - 기타,승용,여,51세,상해없음,보행자,여,7세,경상
147,2018030200100422,2018년 3월 2일 17시,금요일,제주특별자치도 제주시 우도면,경상사고,0,0,1,0,차대사람 - 기타,안전운전불이행,포장 - 건조,맑음,주차장 - 주차장,이륜,여,26세,상해없음,보행자,여,24세,경상
148,2018030200100538,2018년 3월 2일 20시,금요일,제주특별자치도 제주시 연동,부상신고사고,0,0,0,1,차대사람 - 횡단중,보행자보호의무위반,포장 - 건조,맑음,단일로 - 기타,승용,남,37세,상해없음,보행자,남,57세,부상신고
149,2018030300100431,2018년 3월 3일 20시,토요일,제주특별자치도 서귀포시 대정읍,사망사고,1,0,0,0,차대사람 - 횡단중,보행자보호의무위반,포장 - 건조,맑음,기타 - 기타,승용,남,40세,상해없음,보행자,남,76세,사망
150,2018030300100432,2018년 3월 3일 20시,토요일,제주특별자치도 제주시 애월읍,부상신고사고,0,0,0,1,차대사람 - 횡단중,안전운전불이행,포장 - 건조,맑음,교차로 - 교차로안,승용,여,33세,상해없음,보행자,남,35세,부상신고
151,2018030400100205,2018년 3월 4일 14시,일요일,제주특별자치도 제주시 일도이동,중상사고,0,1,0,0,차대사람 - 횡단중,안전운전불이행,포장 - 건조,맑음,단일로 - 기타,승용,여,28세,상해없음,보행자,여,57세,중상
152,2018030400100293,2018년 3월 4일 18시,일요일,제주특별자치도 제주시 이호일동,부상신고사고,0,0,0,1,차대사람 - 길가장자리구역통행중,안전운전불이행,포장 - 건조,맑음,단일로 - 기타,승용,남,64세,상해없음,보행자,여,78세,부상신고
153,2018030500100385,2018년 3월 5일 17시,월요일,제주특별자치도 서귀포시 하원동,중상사고,0,1,0,0,차대사람 - 기타,안전운전불이행,포장 - 건조,맑음,교차로 - 교차로부근,승합,남,50세,상해없음,보행자,여,52세,중상
154,2018030500100408,2018년 3월 5일 18시,월요일,제주특별자치도 제주시 이도일동,중상사고,0,1,0,0,차대사람 - 기타,안전운전불이행,포장 - 건조,흐림,단일로 - 기타,승합,남,36세,상해없음,보행자,여,63세,중상
155,2018030500100452,2018년 3월 5일 19시,월요일,제주특별자치도 제주시 오라일동,경상사고,0,0,1,0,차대사람 - 기타,안전운전불이행,포장 - 젖음/습기,비,교차로 - 교차로부근,승합,남,57세,상해없음,보행자,여,70세,경상
156,2018030500100453,2018년 3월 5일 19시,월요일,제주특별자치도 제주시 연동,중상사고,0,1,0,0,차대사람 - 횡단중,보행자보호의무위반,포장 - 젖음/습기,비,교차로 - 교차로부근,승용,여,31세,상해없음,보행자,남,57세,중상
157,2018030600100065,2018년 3월 6일 06시,화요일,제주특별자치도 서귀포시 서귀동,경상사고,0,0,1,0,차대사람 - 횡단중,보행자보호의무위반,포장 - 건조,맑음,단일로 - 기타,승용,남,23세,상해없음,보행자,남,72세,경상
158,2018030600100477,2018년 3월 6일 21시,화요일,제주특별자치도 제주시 오라일동,경상사고,0,0,1,0,차대사람 - 기타,보행자보호의무위반,포장 - 건조,맑음,교차로 - 교차로횡단보도내,승합,남,48세,상해없음,보행자,남,53세,경상
159,2018030700100189,2018년 3월 7일 11시,수요일,제주특별자치도 제주시 애월읍,경상사고,0,0,1,0,차대사람 - 기타,안전운전불이행,포장 - 건조,흐림,단일로 - 기타,승용,여,25세,기타불명,보행자,여,26세,경상
160,2018030700100298,2018년 3월 7일 16시,수요일,제주특별자치도 제주시 화북일동,경상사고,0,0,1,0,차대사람 - 횡단중,보행자보호의무위반,포장 - 젖음/습기,비,교차로 - 교차로횡단보도내,승용,여,24세,상해없음,보행자,남,11세,경상
161,2018030800100380,2018년 3월 8일 17시,목요일,제주특별자치도 제주시 외도일동,경상사고,0,0,1,0,차대사람 - 기타,안전운전불이행,포장 - 건조,맑음,교차로 - 교차로안,승용,여,40세,상해없음,보행자,여,64세,경상
162,2018030800100431,2018년 3월 8일 19시,목요일,제주특별자치도 서귀포시 서귀동,경상사고,0,0,1,0,차대사람 - 기타,안전운전불이행,포장 - 건조,맑음,단일로 - 기타,승용,여,31세,상해없음,보행자,여,49세,경상
163,2018030800100432,2018년 3월 8일 19시,목요일,제주특별자치도 제주시 연동,경상사고,0,0,1,0,차대사람 - 기타,안전운전불이행,포장 - 건조,맑음,기타 - 기타,승용,남,55세,상해없음,보행자,여,28세,경상
164,2018030800100490,2018년 3월 8일 21시,목요일,제주특별자치도 제주시 연동,경상사고,0,0,1,0,차대사람 - 길가장자리구역통행중,안전운전불이행,포장 - 건조,맑음,교차로 - 교차로안,승용,남,60세,상해없음,보행자,남,56세,경상
165,2018031000100037,2018년 3월 10일 01시,토요일,제주특별자치도 제주시 애월읍,중상사고,0,1,0,0,차대사람 - 횡단중,안전운전불이행,포장 - 건조,맑음,단일로 - 기타,승용,여,56세,상해없음,보행자,남,47세,중상
166,2018031000100107,2018년 3월 10일 06시,토요일,제주특별자치도 서귀포시 성산읍,사망사고,1,0,0,0,차대사람 - 횡단중,안전운전불이행,포장 - 건조,맑음,교차로 - 교차로안,승용,여,62세,상해없음,보행자,여,69세,사망
167,2018031000100260,2018년 3월 10일 13시,토요일,제주특별자치도 제주시 외도일동,중상사고,0,1,0,0,차대사람 - 횡단중,보행자보호의무위반,포장 - 건조,맑음,교차로 - 교차로횡단보도내,승용,남,46세,상해없음,보행자,남,16세,중상
168,2018031000100386,2018년 3월 10일 17시,토요일,제주특별자치도 제주시 한경면,경상사고,0,0,1,0,차대사람 - 기타,안전운전불이행,포장 - 건조,맑음,교차로 - 교차로안,승용,여,61세,상해없음,보행자,여,77세,경상
169,2018031100100006,2018년 3월 11일 00시,일요일,제주특별자치도 서귀포시 서귀동,경상사고,0,0,1,0,차대사람 - 횡단중,보행자보호의무위반,포장 - 건조,맑음,교차로 - 교차로횡단보도내,이륜,남,62세,상해없음,보행자,남,35세,경상
170,2018031100100038,2018년 3월 11일 02시,일요일,제주특별자치도 제주시 연동,경상사고,0,0,1,0,차대사람 - 길가장자리구역통행중,안전운전불이행,포장 - 건조,맑음,단일로 - 기타,승용,여,53세,상해없음,보행자,남,23세,경상
171,2018031200100256,2018년 3월 12일 13시,월요일,제주특별자치도 제주시 이도이동,경상사고,0,0,1,0,차대사람 - 기타,안전운전불이행,포장 - 건조,맑음,교차로 - 교차로부근,승용,여,38세,상해없음,보행자,남,34세,경상
172,2018031200100469,2018년 3월 12일 19시,월요일,제주특별자치도 서귀포시 동홍동,경상사고,0,0,1,0,차대사람 - 횡단중,보행자보호의무위반,포장 - 건조,맑음,교차로 - 교차로부근,화물,남,78세,상해없음,보행자,여,46세,경상
173,2018031200100554,2018년 3월 12일 23시,월요일,제주특별자치도 제주시 용담일동,경상사고,0,0,1,0,차대사람 - 기타,교차로운행방법위반,포장 - 건조,맑음,교차로 - 교차로안,승용,남,25세,상해없음,보행자,남,30세,경상
174,2018031200100555,2018년 3월 12일 23시,월요일,제주특별자치도 제주시 건입동,중상사고,0,1,0,0,차대사람 - 횡단중,안전운전불이행,포장 - 건조,맑음,단일로 - 기타,승용,남,44세,상해없음,보행자,남,36세,중상
175,2018031300100299,2018년 3월 13일 15시,화요일,제주특별자치도 제주시 연동,부상신고사고,0,0,0,1,차대사람 - 기타,안전운전불이행,포장 - 건조,맑음,기타 - 기타,승용,남,54세,상해없음,보행자,남,34세,부상신고
176,2018031300100424,2018년 3월 13일 18시,화요일,제주특별자치도 제주시 연동,경상사고,0,0,1,0,차대사람 - 기타,안전운전불이행,포장 - 건조,맑음,단일로 - 기타,승합,남,53세,상해없음,보행자,여,70세,경상
177,2018031300100425,2018년 3월 13일 18시,화요일,제주특별자치도 제주시 노형동,중상사고,0,1,0,0,차대사람 - 횡단중,보행자보호의무위반,포장 - 건조,맑음,교차로 - 교차로횡단보도내,승용,여,47세,상해없음,보행자,여,10세,중상
178,2018031300100527,2018년 3월 13일 21시,화요일,제주특별자치도 제주시 연동,중상사고,0,1,1,0,차대사람 - 차도통행중,안전운전불이행,포장 - 건조,맑음,교차로 - 교차로안,승용,남,51세,상해없음,보행자,남,43세,중상
179,2018031400100020,2018년 3월 14일 01시,수요일,제주특별자치도 제주시 일도이동,경상사고,0,0,1,0,차대사람 - 기타,안전운전불이행,포장 - 건조,맑음,단일로 - 기타,승용,남,51세,상해없음,보행자,여,38세,경상
180,2018031400100158,2018년 3월 14일 09시,수요일,제주특별자치도 서귀포시 중문동,중상사고,0,1,0,0,차대사람 - 기타,안전운전불이행,포장 - 건조,맑음,단일로 - 기타,승용,남,41세,상해없음,보행자,남,84세,중상
181,2018031400100544,2018년 3월 14일 20시,수요일,제주특별자치도 서귀포시 표선면,중상사고,0,1,0,0,차대사람 - 기타,안전운전불이행,포장 - 건조,맑음,단일로 - 기타,승용,남,25세,상해없음,보행자,남,54세,중상
182,2018031500100215,2018년 3월 15일 10시,목요일,제주특별자치도 제주시 이도일동,중상사고,0,1,0,0,차대사람 - 횡단중,보행자보호의무위반,포장 - 젖음/습기,흐림,단일로 - 기타,화물,남,52세,상해없음,보행자,여,70세,중상
183,2018031500100271,2018년 3월 15일 12시,목요일,제주특별자치도 서귀포시 서귀동,경상사고,0,0,1,1,차대사람 - 횡단중,보행자보호의무위반,포장 - 젖음/습기,비,교차로 - 교차로횡단보도내,화물,남,67세,상해없음,보행자,남,24세,경상
184,2018031500100504,2018년 3월 15일 19시,목요일,제주특별자치도 제주시 구좌읍,중상사고,0,1,0,0,차대사람 - 기타,안전운전불이행,포장 - 젖음/습기,비,단일로 - 기타,이륜,남,17세,상해없음,보행자,여,78세,중상
185,2018031500100536,2018년 3월 15일 20시,목요일,제주특별자치도 서귀포시 서귀동,경상사고,0,0,1,0,차대사람 - 기타,안전운전불이행,포장 - 젖음/습기,비,교차로 - 교차로안,승용,남,47세,상해없음,보행자,남,55세,경상
186,2018031500100626,2018년 3월 15일 23시,목요일,제주특별자치도 제주시 연동,중상사고,0,1,0,0,차대사람 - 길가장자리구역통행중,안전운전불이행,포장 - 젖음/습기,비,교차로 - 교차로안,승용,남,54세,상해없음,보행자,남,59세,중상
187,2018031600100122,2018년 3월 16일 08시,금요일,제주특별자치도 제주시 삼도이동,경상사고,0,0,1,0,차대사람 - 횡단중,보행자보호의무위반,포장 - 젖음/습기,비,단일로 - 기타,승용,여,59세,상해없음,보행자,남,8세,경상
188,2018031600100443,2018년 3월 16일 18시,금요일,제주특별자치도 제주시 연동,경상사고,0,0,2,0,차대사람 - 기타,안전운전불이행,포장 - 건조,맑음,교차로 - 교차로부근,화물,남,50세,상해없음,보행자,여,35세,경상
189,2018031700100077,2018년 3월 17일 06시,토요일,제주특별자치도 제주시 이도이동,경상사고,0,0,1,0,차대사람 - 기타,안전운전불이행,포장 - 건조,맑음,단일로 - 기타,승용,남,53세,상해없음,보행자,여,20세,경상
190,2018031700100079,2018년 3월 17일 06시,토요일,제주특별자치도 서귀포시 동홍동,중상사고,0,1,0,0,차대사람 - 횡단중,안전운전불이행,포장 - 건조,맑음,교차로 - 교차로부근,승용,남,53세,상해없음,보행자,남,55세,중상
191,2018031700100240,2018년 3월 17일 12시,토요일,제주특별자치도 제주시 노형동,경상사고,0,0,1,0,차대사람 - 기타,안전운전불이행,포장 - 건조,맑음,단일로 - 기타,승용,남,52세,상해없음,보행자,남,37세,경상
192,2018031700100541,2018년 3월 17일 20시,토요일,제주특별자치도 제주시 일도이동,부상신고사고,0,0,0,1,차대사람 - 기타,안전운전불이행,포장 - 건조,맑음,기타 - 기타,승용,남,22세,상해없음,보행자,남,43세,부상신고
193,2018031700100575,2018년 3월 17일 21시,토요일,제주특별자치도 서귀포시 서귀동,중상사고,0,1,0,0,차대사람 - 기타,안전운전불이행,포장 - 건조,맑음,기타 - 기타,승용,남,23세,상해없음,보행자,남,57세,중상
194,2018031700100577,2018년 3월 17일 21시,토요일,제주특별자치도 서귀포시 동홍동,경상사고,0,0,1,0,차대사람 - 횡단중,보행자보호의무위반,포장 - 건조,맑음,단일로 - 기타,승용,남,67세,상해없음,보행자,여,6세,경상
195,2018031800100038,2018년 3월 18일 02시,일요일,제주특별자치도 서귀포시 서호동,중상사고,0,1,0,0,차대사람 - 기타,안전운전불이행,포장 - 건조,맑음,교차로 - 교차로안,승용,여,57세,상해없음,보행자,남,17세,중상
196,2018031800100208,2018년 3월 18일 14시,일요일,제주특별자치도 서귀포시 동홍동,중상사고,0,1,0,0,차대사람 - 기타,교차로운행방법위반,포장 - 건조,맑음,교차로 - 교차로안,승용,여,48세,상해없음,보행자,여,13세,중상
197,2018031800100209,2018년 3월 18일 14시,일요일,제주특별자치도 제주시 연동,중상사고,0,2,0,0,차대사람 - 보도통행중,보행자보호의무위반,포장 - 건조,흐림,단일로 - 기타,승용,여,45세,상해없음,보행자,남,67세,중상
198,2018031900100180,2018년 3월 19일 10시,월요일,제주특별자치도 제주시 연동,중상사고,0,1,0,0,차대사람 - 횡단중,보행자보호의무위반,포장 - 건조,맑음,교차로 - 교차로부근,승용,남,48세,상해없음,보행자,여,48세,중상
199,2018031900100373,2018년 3월 19일 17시,월요일,제주특별자치도 제주시 일도일동,중상사고,0,1,0,0,차대사람 - 횡단중,안전운전불이행,포장 - 젖음/습기,비,단일로 - 기타,승용,여,44세,상해없음,보행자,남,56세,중상
200,2018031900100451,2018년 3월 19일 19시,월요일,제주특별자치도 제주시 연동,중상사고,0,1,0,0,차대사람 - 횡단중,보행자보호의무위반,포장 - 젖음/습기,비,교차로 - 교차로횡단보도내,승용,남,62세,상해없음,보행자,여,63세,중상
201,2018032000100265,2018년 3월 20일 13시,화요일,제주특별자치도 제주시 화북일동,중상사고,0,1,0,0,차대사람 - 횡단중,보행자보호의무위반,포장 - 건조,맑음,교차로 - 교차로횡단보도내,승용,남,45세,상해없음,보행자,여,64세,중상
202,2018032000100341,2018년 3월 20일 16시,화요일,제주특별자치도 제주시 이도이동,경상사고,0,0,1,0,차대사람 - 횡단중,보행자보호의무위반,포장 - 젖음/습기,비,교차로 - 교차로부근,승용,남,53세,상해없음,보행자,여,33세,경상