,사고번호,사고일시,요일,시군구,사고내용,사망자수,중상자수,경상자수,부상신고자수,사고유형,법규위반,노면상태,기상상태,도로형태,가해운전자 차종,가해운전자 성별,가해운전자 연령,가해운전자 상해정도,피해운전자 차종,피해운전자 성별,피해운전자 연령,피해운전자 상해정도
305,2018042800100011,2018년 4월 28일 00시,토요일,제주특별자치도 제주시 연동,경상사고,0,0,1,0,차대사람 - 길가장자리구역통행중,안전운전불이행,포장 - 건조,맑음,단일로 - 기타,승용,남,65세,상해없음,보행자,여,48세,경상
306,2018042800100188,2018년 4월 28일 09시,토요일,제주특별자치도 제주시 연동,경상사고,0,0,1,0,차대사람 - 횡단중,안전운전불이행,포장 - 건조,맑음,교차로 - 교차로부근,기타불명,기타불명,미분류,기타불명,보행자,여,25세,경상
307,2018042800100382,2018년 4월 28일 14시,토요일,제주특별자치도 제주시 연동,경상사고,0,0,1,0,차대사람 - 보도통행중,안전운전불이행,포장 - 건조,맑음,단일로 - 기타,승용,여,54세,상해없음,보행자,남,29세,경상
308,2018042900100216,2018년 4월 29일 12시,일요일,제주특별자치도 제주시 한림읍,경상사고,0,0,1,0,차대사람 - 횡단중,신호위반,포장 - 건조,맑음,교차로 - 교차로안,화물,남,54세,상해없음,보행자,남,76세,경상
309,2018042900100320,2018년 4월 29일 15시,일요일,제주특별자치도 제주시 구좌읍,중상사고,0,1,0,0,차대사람 - 기타,안전운전불이행,포장 - 건조,맑음,단일로 - 기타,승용,남,63세,상해없음,보행자,남,49세,중상
310,2018042900100536,2018년 4월 29일 22시,일요일,제주특별자치도 제주시 도남동,중상사고,0,1,0,0,차대사람 - 횡단중,안전운전불이행,포장 - 건조,맑음,교차로 - 교차로횡단보도내,승합,남,33세,상해없음,보행자,남,17세,중상
311,2018043000100499,2018년 4월 30일 18시,월요일,제주특별자치도 제주시 조천읍,중상사고,0,1,0,0,차대사람 - 기타,안전운전불이행,포장 - 건조,맑음,단일로 - 기타,승용,남,27세,상해없음,보행자,여,72세,중상
312,2018043000100569,2018년 4월 30일 20시,월요일,제주특별자치도 제주시 일도이동,중상사고,0,1,1,0,차대사람 - 횡단중,보행자보호의무위반,포장 - 건조,맑음,교차로 - 교차로횡단보도내,승용,여,65세,상해없음,보행자,여,51세,중상
313,2018043000100593,2018년 4월 30일 21시,월요일,제주특별자치도 제주시 삼도이동,중상사고,0,1,0,0,차대사람 - 기타,보행자보호의무위반,포장 - 건조,맑음,교차로 - 교차로횡단보도내,승용,남,47세,상해없음,보행자,남,40세,중상
314,2018050100100096,2018년 5월 1일 07시,화요일,제주특별자치도 제주시 이도이동,중상사고,0,1,0,0,차대사람 - 기타,기타,포장 - 건조,맑음,단일로 - 기타,승용,남,25세,상해없음,보행자,여,72세,중상
315,2018050100100435,2018년 5월 1일 19시,화요일,제주특별자치도 제주시 아라일동,부상신고사고,0,0,0,1,차대사람 - 횡단중,보행자보호의무위반,포장 - 건조,맑음,교차로 - 교차로횡단보도내,승용,여,29세,상해없음,보행자,남,11세,부상신고
316,2018050100100498,2018년 5월 1일 21시,화요일,제주특별자치도 서귀포시 서호동,중상사고,0,1,0,0,차대사람 - 횡단중,보행자보호의무위반,포장 - 젖음/습기,비,교차로 - 교차로횡단보도내,승용,남,36세,상해없음,보행자,남,49세,중상
317,2018050200100008,2018년 5월 2일 00시,수요일,제주특별자치도 제주시 이도이동,중상사고,0,1,0,0,차대사람 - 기타,보행자보호의무위반,포장 - 건조,맑음,단일로 - 기타,승용,남,64세,상해없음,보행자,남,58세,중상
318,2018050200100309,2018년 5월 2일 13시,수요일,제주특별자치도 제주시 도두일동,경상사고,0,0,1,0,차대사람 - 기타,안전운전불이행,포장 - 젖음/습기,흐림,기타 - 기타,기타불명,기타불명,미분류,기타불명,보행자,여,20세,경상
319,2018050300100268,2018년 5월 3일 12시,목요일,제주특별자치도 제주시 애월읍,경상사고,0,0,1,0,차대사람 - 길가장자리구역통행중,안전운전불이행,포장 - 건조,맑음,단일로 - 기타,승용,남,48세,상해없음,보행자,여,68세,경상
320,2018050400100376,2018년 5월 4일 15시,금요일,제주특별자치도 제주시 도남동,중상사고,0,1,0,0,차대사람 - 횡단중,보행자보호의무위반,포장 - 건조,맑음,교차로 - 교차로횡단보도내,화물,남,49세,상해없음,보행자,여,74세,중상
321,2018050500100020,2018년 5월 5일 00시,토요일,제주특별자치도 서귀포시 성산읍,사망사고,1,0,0,0,차대사람 - 횡단중,과속,포장 - 건조,맑음,교차로 - 교차로안,승용,남,26세,상해없음,보행자,남,62세,사망
322,2018050500100192,2018년 5월 5일 09시,토요일,제주특별자치도 서귀포시 서홍동,중상사고,0,1,0,0,차대사람 - 횡단중,보행자보호의무위반,포장 - 건조,맑음,교차로 - 교차로횡단보도내,건설기계,남,39세,상해없음,보행자,여,75세,중상
323,2018050600100332,2018년 5월 6일 18시,일요일,제주특별자치도 제주시 용담이동,경상사고,0,0,1,0,차대사람 - 보도통행중,기타,포장 - 젖음/습기,비,기타 - 기타,승용,남,72세,상해없음,보행자,여,28세,경상
324,2018050700100012,2018년 5월 7일 00시,월요일,제주특별자치도 제주시 연동,부상신고사고,0,0,0,1,차대사람 - 차도통행중,안전운전불이행,포장 - 건조,흐림,단일로 - 기타,승용,남,23세,상해없음,보행자,남,46세,부상신고
325,2018050700100057,2018년 5월 7일 04시,월요일,제주특별자치도 제주시 해안동,중상사고,0,1,0,0,차대사람 - 기타,안전운전불이행,포장 - 젖음/습기,비,교차로 - 교차로안,승용,남,53세,상해없음,보행자,남,22세,중상
326,2018050700100237,2018년 5월 7일 13시,월요일,제주특별자치도 제주시 조천읍,경상사고,0,0,1,0,차대사람 - 길가장자리구역통행중,안전운전불이행,포장 - 젖음/습기,안개,단일로 - 기타,승용,여,23세,상해없음,보행자,여,31세,경상
327,2018050800100013,2018년 5월 8일 00시,화요일,제주특별자치도 제주시 연동,중상사고,0,2,0,0,차대사람 - 횡단중,안전운전불이행,포장 - 건조,맑음,단일로 - 기타,승용,남,63세,상해없음,보행자,남,44세,중상
328,2018050800100115,2018년 5월 8일 08시,화요일,제주특별자치도 제주시 연동,경상사고,0,0,1,0,차대사람 - 길가장자리구역통행중,안전운전불이행,포장 - 건조,맑음,단일로 - 기타,승용,여,34세,상해없음,보행자,여,65세,경상
329,2018050800100294,2018년 5월 8일 14시,화요일,제주특별자치도 제주시 화북일동,경상사고,0,0,1,0,차대사람 - 기타,안전운전불이행,포장 - 건조,맑음,단일로 - 기타,승용,여,38세,상해없음,보행자,여,46세,경상
330,2018050800100435,2018년 5월 8일 17시,화요일,제주특별자치도 서귀포시 서귀동,중상사고,0,1,0,0,차대사람 - 횡단중,보행자보호의무위반,포장 - 건조,맑음,단일로 - 기타,승용,여,66세,상해없음,보행자,여,48세,중상
331,2018050800100549,2018년 5월 8일 20시,화요일,제주특별자치도 서귀포시 동홍동,경상사고,0,0,1,0,차대사람 - 기타,안전운전불이행,포장 - 건조,맑음,단일로 - 기타,승용,남,38세,상해없음,보행자,남,59세,경상
332,2018050900100587,2018년 5월 9일 21시,수요일,제주특별자치도 서귀포시 서귀동,중상사고,0,1,0,0,차대사람 - 기타,안전운전불이행,포장 - 건조,맑음,교차로 - 교차로안,승용,여,54세,상해없음,보행자,남,57세,중상
333,2018051000100032,2018년 5월 10일 02시,목요일,제주특별자치도 제주시 이도일동,중상사고,0,1,0,0,차대사람 - 기타,안전운전불이행,포장 - 건조,맑음,단일로 - 기타,승용,남,71세,상해없음,보행자,남,27세,중상
334,2018051000100340,2018년 5월 10일 14시,목요일,제주특별자치도 제주시 삼양이동,경상사고,0,0,1,0,차대사람 - 횡단중,보행자보호의무위반,포장 - 건조,맑음,단일로 - 기타,화물,남,36세,상해없음,보행자,여,6세,경상
335,2018051000100406,2018년 5월 10일 16시,목요일,제주특별자치도 제주시 오라이동,경상사고,0,0,1,0,차대사람 - 기타,보행자보호의무위반,포장 - 건조,맑음,단일로 - 기타,승용,여,65세,상해없음,보행자,남,8세,경상
336,2018051000100607,2018년 5월 10일 21시,목요일,제주특별자치도 서귀포시 중문동,중상사고,0,1,0,0,차대사람 - 차도통행중,안전운전불이행,포장 - 건조,맑음,단일로 - 기타,승용,남,59세,상해없음,보행자,남,57세,중상
337,2018051100100363,2018년 5월 11일 15시,금요일,제주특별자치도 제주시 아라일동,경상사고,0,0,1,1,차대사람 - 횡단중,신호위반,포장 - 건조,맑음,교차로 - 교차로안,승용,남,64세,상해없음,보행자,여,7세,부상신고
338,2018051100100364,2018년 5월 11일 15시,금요일,제주특별자치도 제주시 이도이동,경상사고,0,0,1,0,차대사람 - 횡단중,안전운전불이행,포장 - 건조,맑음,단일로 - 기타,승용,여,23세,상해없음,보행자,여,59세,경상
339,2018051200100438,2018년 5월 12일 17시,토요일,제주특별자치도 제주시 건입동,경상사고,0,0,1,0,차대사람 - 횡단중,안전운전불이행,포장 - 건조,맑음,단일로 - 기타,화물,남,25세,상해없음,보행자,여,73세,경상
340,2018051200100482,2018년 5월 12일 18시,토요일,제주특별자치도 제주시 연동,중상사고,0,1,0,0,차대사람 - 횡단중,안전운전불이행,포장 - 건조,맑음,교차로 - 교차로횡단보도내,승용,여,33세,상해없음,보행자,남,48세,중상
341,2018051200100533,2018년 5월 12일 19시,토요일,제주특별자치도 서귀포시 남원읍,사망사고,1,0,0,0,차대사람 - 기타,안전운전불이행,포장 - 젖음/습기,비,교차로 - 교차로부근,승용,여,28세,상해없음,보행자,여,38세,사망
342,2018051200100574,2018년 5월 12일 20시,토요일,제주특별자치도 제주시 연동,경상사고,0,0,1,0,차대사람 - 기타,안전운전불이행,포장 - 건조,맑음,단일로 - 기타,승용,남,32세,상해없음,보행자,여,53세,경상
343,2018051200100670,2018년 5월 12일 22시,토요일,제주특별자치도 제주시 이도이동,경상사고,0,0,1,0,차대사람 - 횡단중,보행자보호의무위반,포장 - 젖음/습기,비,교차로 - 교차로횡단보도내,화물,남,34세,상해없음,보행자,남,42세,경상
344,2018051300100114,2018년 5월 13일 08시,일요일,제주특별자치도 제주시 연동,중상사고,0,1,0,0,차대사람 - 횡단중,보행자보호의무위반,포장 - 건조,맑음,단일로 - 기타,승용,남,62세,상해없음,보행자,여,64세,중상
345,2018051300100151,2018년 5월 13일 10시,일요일,제주특별자치도 제주시 일도이동,경상사고,0,0,1,0,차대사람 - 횡단중,신호위반,포장 - 건조,맑음,단일로 - 기타,승용,남,35세,상해없음,보행자,남,14세,경상
346,2018051300100366,2018년 5월 13일 17시,일요일,제주특별자치도 제주시 이도일동,경상사고,0,0,1,0,차대사람 - 기타,기타,포장 - 건조,맑음,단일로 - 기타,승용,여,38세,상해없음,보행자,여,23세,경상
347,2018051300100460,2018년 5월 13일 20시,일요일,제주특별자치도 서귀포시 서귀동,중상사고,0,1,0,0,차대사람 - 횡단중,보행자보호의무위반,포장 - 건조,맑음,교차로 - 교차로부근,승용,남,64세,상해없음,보행자,여,67세,중상
348,2018051400100013,2018년 5월 14일 01시,월요일,제주특별자치도 제주시 용담이동,경상사고,0,0,1,1,차대사람 - 기타,안전운전불이행,포장 - 건조,흐림,단일로 - 기타,승용,남,28세,부상신고,보행자,여,64세,경상
349,2018051400100032,2018년 5월 14일 04시,월요일,제주특별자치도 제주시 삼도일동,중상사고,0,1,0,0,차대사람 - 횡단중,신호위반,포장 - 건조,맑음,단일로 - 기타,승용,남,64세,상해없음,보행자,남,22세,중상
350,2018051400100124,2018년 5월 14일 08시,월요일,제주특별자치도 제주시 조천읍,경상사고,0,0,1,0,차대사람 - 기타,안전운전불이행,포장 - 건조,맑음,단일로 - 기타,승용,남,54세,상해없음,보행자,남,57세,경상
351,2018051400100534,2018년 5월 14일 21시,월요일,제주특별자치도 서귀포시 남원읍,중상사고,0,1,0,0,차대사람 - 기타,안전운전불이행,포장 - 건조,맑음,단일로 - 기타,승용,남,23세,상해없음,보행자,여,75세,중상
352,2018051500100124,2018년 5월 15일 08시,화요일,제주특별자치도 제주시 외도일동,경상사고,0,0,1,0,차대사람 - 기타,안전운전불이행,포장 - 건조,맑음,교차로 - 교차로부근,승용,남,47세,상해없음,보행자,여,42세,경상
353,2018051500100407,2018년 5월 15일 17시,화요일,제주특별자치도 제주시 노형동,부상신고사고,0,0,0,1,차대사람 - 횡단중,안전운전불이행,포장 - 건조,맑음,교차로 - 교차로부근,화물,여,66세,상해없음,보행자,여,39세,부상신고
354,2018051600100311,2018년 5월 16일 16시,수요일,제주특별자치도 제주시 용담이동,경상사고,0,0,1,0,차대사람 - 기타,보행자보호의무위반,포장 - 건조,맑음,교차로 - 교차로안,승용,여,44세,상해없음,보행자,남,12세,경상
355,2018051600100523,2018년 5월 16일 23시,수요일,제주특별자치도 제주시 이도이동,중상사고,0,1,0,0,차대사람 - 기타,안전운전불이행,포장 - 건조,맑음,단일로 - 기타,승용,남,53세,상해없음,보행자,남,52세,중상
356,2018051700100190,2018년 5월 17일 10시,목요일,제주특별자치도 제주시 오라일동,중상사고,0,1,0,0,차대사람 - 횡단중,신호위반,포장 - 건조,맑음,교차로 - 교차로횡단보도내,승용,여,31세,상해없음,보행자,여,27세,중상
357,2018051700100242,2018년 5월 17일 12시,목요일,제주특별자치도 제주시 용담이동,경상사고,0,0,1,0,차대사람 - 기타,안전운전불이행,포장 - 건조,맑음,단일로 - 기타,화물,남,26세,상해없음,보행자,남,31세,경상
358,2018051700100561,2018년 5월 17일 21시,목요일,제주특별자치도 서귀포시 동홍동,경상사고,0,0,2,0,차대사람 - 기타,안전운전불이행,포장 - 젖음/습기,흐림,단일로 - 기타,원동기,남,19세,경상,보행자,남,63세,경상
359,2018051800100019,2018년 5월 18일 00시,금요일,제주특별자치도 제주시 연동,부상신고사고,0,0,0,1,차대사람 - 기타,안전운전불이행,포장 - 건조,맑음,단일로 - 기타,승합,남,41세,상해없음,보행자,남,45세,부상신고
360,2018051800100569,2018년 5월 18일 20시,금요일,제주특별자치도 제주시 삼양일동,경상사고,0,0,1,0,차대사람 - 기타,안전운전불이행,포장 - 건조,맑음,단일로 - 기타,이륜,여,22세,상해없음,보행자,여,72세,경상
361,2018051800100646,2018년 5월 18일 22시,금요일,제주특별자치도 제주시 연동,경상사고,0,0,1,0,차대사람 - 차도통행중,안전운전불이행,포장 - 건조,맑음,단일로 - 기타,승용,남,65세,상해없음,보행자,남,34세,경상
362,2018051900100163,2018년 5월 19일 08시,토요일,제주특별자치도 제주시 우도면,중상사고,0,1,0,0,차대사람 - 기타,안전운전불이행,포장 - 건조,맑음,단일로 - 기타,승합,남,51세,상해없음,보행자,여,83세,중상
363,2018051900100304,2018년 5월 19일 12시,토요일,제주특별자치도 서귀포시 동홍동,경상사고,0,0,1,0,차대사람 - 횡단중,안전운전불이행,포장 - 건조,맑음,교차로 - 교차로안,화물,남,48세,상해없음,보행자,여,42세,경상
364,2018052000100082,2018년 5월 20일 05시,일요일,제주특별자치도 제주시 연동,부상신고사고,0,0,0,1,차대사람 - 기타,안전운전불이행,포장 - 건조,맑음,단일로 - 기타,승용,남,47세,상해없음,보행자,여,36세,부상신고
365,2018052000100232,2018년 5월 20일 13시,일요일,제주특별자치도 제주시 이도일동,경상사고,0,0,1,0,차대사람 - 기타,기타,포장 - 건조,맑음,기타 - 기타,승용,남,63세,상해없음,보행자,여,27세,경상
366,2018052100100007,2018년 5월 21일 00시,월요일,제주특별자치도 제주시 삼도일동,경상사고,0,0,1,0,차대사람 - 기타,안전운전불이행,포장 - 건조,맑음,단일로 - 기타,승용,남,52세,상해없음,보행자,남,26세,경상
367,2018052100100179,2018년 5월 21일 10시,월요일,제주특별자치도 서귀포시 강정동,경상사고,0,0,1,0,차대사람 - 기타,안전운전불이행,포장 - 건조,맑음,교차로 - 교차로안,화물,남,36세,상해없음,보행자,남,75세,경상
368,2018052100100562,2018년 5월 21일 21시,월요일,제주특별자치도 서귀포시 서귀동,중상사고,0,1,0,0,차대사람 - 횡단중,보행자보호의무위반,포장 - 건조,맑음,교차로 - 교차로횡단보도내,승용,남,60세,상해없음,보행자,여,67세,중상
369,2018052200100601,2018년 5월 22일 22시,화요일,제주특별자치도 제주시 조천읍,부상신고사고,0,0,0,1,차대사람 - 차도통행중,안전운전불이행,포장 - 젖음/습기,비,단일로 - 기타,승용,여,47세,상해없음,보행자,남,61세,부상신고
370,2018052200100625,2018년 5월 22일 23시,화요일,제주특별자치도 제주시 도남동,경상사고,0,0,1,0,차대사람 - 기타,안전운전불이행,포장 - 젖음/습기,비,단일로 - 기타,승용,여,59세,상해없음,보행자,남,32세,경상
371,2018052300100011,2018년 5월 23일 00시,수요일,제주특별자치도 제주시 이도이동,중상사고,0,1,0,0,차대사람 - 횡단중,안전운전불이행,포장 - 젖음/습기,비,교차로 - 교차로안,승용,여,53세,상해없음,보행자,남,45세,중상
372,2018052300100012,2018년 5월 23일 00시,수요일,제주특별자치도 제주시 연동,경상사고,0,0,1,0,차대사람 - 길가장자리구역통행중,안전운전불이행,포장 - 젖음/습기,흐림,단일로 - 기타,승용,여,25세,상해없음,보행자,남,38세,경상
373,2018052300100362,2018년 5월 23일 14시,수요일,제주특별자치도 제주시 노형동,경상사고,0,0,1,0,차대사람 - 횡단중,보행자보호의무위반,포장 - 건조,맑음,단일로 - 기타,승용,남,40세,상해없음,보행자,남,11세,경상
374,2018052300100423,2018년 5월 23일 16시,수요일,제주특별자치도 제주시 노형동,중상사고,0,1,0,0,차대사람 - 기타,안전운전불이행,포장 - 건조,맑음,단일로 - 기타,승합,남,58세,상해없음,보행자,남,45세,중상
375,2018052400100012,2018년 5월 24일 00시,목요일,제주특별자치도 제주시 일도이동,중상사고,0,1,0,0,차대사람 - 차도통행중,안전운전불이행,포장 - 건조,맑음,단일로 - 기타,승용,남,29세,상해없음,보행자,남,41세,중상
376,2018052400100437,2018년 5월 24일 17시,목요일,제주특별자치도 제주시 외도일동,부상신고사고,0,0,0,1,차대사람 - 횡단중,안전운전불이행,포장 - 건조,맑음,단일로 - 기타,승용,남,36세,상해없음,보행자,여,11세,부상신고
377,2018052400100518,2018년 5월 24일 19시,목요일,제주특별자치도 제주시 삼도일동,중상사고,0,1,0,0,차대사람 - 기타,보행자보호의무위반,포장 - 건조,맑음,교차로 - 교차로횡단보도내,승용,남,25세,상해없음,보행자,남,71세,중상
378,2018052500100054,2018년 5월 25일 03시,금요일,제주특별자치도 서귀포시 대정읍,부상신고사고,0,0,0,1,차대사람 - 기타,안전운전불이행,포장 - 건조,맑음,교차로 - 교차로안,승용,남,50세,상해없음,보행자,남,42세,부상신고
379,2018052500100683,2018년 5월 25일 23시,금요일,제주특별자치도 제주시 연동,부상신고사고,0,0,0,1,차대사람 - 차도통행중,안전운전불이행,포장 - 건조,기타,단일로 - 기타,승용,남,57세,상해없음,보행자,남,36세,부상신고
380,2018052600100288,2018년 5월 26일 12시,토요일,제주특별자치도 제주시 용담이동,부상신고사고,0,0,0,1,차대사람 - 기타,안전운전불이행,포장 - 건조,맑음,단일로 - 기타,승용,남,62세,상해없음,보행자,남,51세,부상신고
381,2018052600100361,2018년 5월 26일 14시,토요일,제주특별자치도 서귀포시 서귀동,중상사고,0,1,0,0,차대사람 - 횡단중,보행자보호의무위반,포장 - 건조,맑음,단일로 - 기타,승용,여,30세,상해없음,보행자,여,49세,중상
382,2018052600100498,2018년 5월 26일 17시,토요일,제주특별자치도 제주시 노형동,경상사고,0,0,1,0,차대사람 - 차도통행중,안전운전불이행,포장 - 건조,맑음,교차로 - 교차로안,승용,남,36세,상해없음,보행자,남,4세,경상
383,2018052600100591,2018년 5월 26일 20시,토요일,제주특별자치도 제주시 이도일동,경상사고,0,0,1,0,차대사람 - 기타,안전운전불이행,포장 - 건조,맑음,교차로 - 교차로안,승용,여,64세,상해없음,보행자,남,35세,경상
384,2018052800100140,2018년 5월 28일 08시,월요일,제주특별자치도 서귀포시 토평동,경상사고,0,0,1,0,차대사람 - 기타,안전운전불이행,포장 - 젖음/습기,흐림,교차로 - 교차로안,승용,남,44세,상해없음,보행자,여,52세,경상
385,2018052800100141,2018년 5월 28일 08시,월요일,제주특별자치도 제주시 노형동,부상신고사고,0,0,0,1,차대사람 - 기타,기타,포장 - 젖음/습기,비,단일로 - 기타,승합,남,59세,상해없음,보행자,여,19세,부상신고
386,2018052800100526,2018년 5월 28일 19시,월요일,제주특별자치도 제주시 한림읍,부상신고사고,0,0,0,1,차대사람 - 기타,안전운전불이행,포장 - 건조,맑음,교차로 - 교차로안,이륜,남,60세,상해없음,보행자,여,38세,부상신고
387,2018052800100558,2018년 5월 28일 20시,월요일,제주특별자치도 제주시 연동,경상사고,0,0,1,0,차대사람 - 횡단중,안전운전불이행,포장 - 건조,맑음,단일로 - 기타,승용,남,21세,상해없음,보행자,남,59세,경상
388,2018052900100295,2018년 5월 29일 14시,화요일,제주특별자치도 제주시 노형동,경상사고,0,0,1,0,차대사람 - 차도통행중,기타,포장 - 건조,맑음,기타 - 기타,승용,남,38세,상해없음,보행자,남,29세,경상
389,2018053000100374,2018년 5월 30일 15시,수요일,제주특별자치도 제주시 이도이동,경상사고,0,0,1,0,차대사람 - 기타,안전운전불이행,포장 - 건조,맑음,단일로 - 기타,기타불명,기타불명,미분류,기타불명,보행자,남,8세,경상
390,2018053000100506,2018년 5월 30일 18시,수요일,제주특별자치도 제주시 연동,경상사고,0,0,1,0,차대사람 - 횡단중,안전운전불이행,포장 - 건조,맑음,단일로 - 기타,승용,남,60세,상해없음,보행자,여,8세,경상
391,2018053000100536,2018년 5월 30일 19시,수요일,제주특별자치도 제주시 도두일동,경상사고,0,0,1,0,차대사람 - 보도통행중,안전운전불이행,포장 - 건조,맑음,기타 - 기타,기타불명,기타불명,미분류,기타불명,보행자,여,59세,경상
392,2018053000100616,2018년 5월 30일 22시,수요일,제주특별자치도 서귀포시 서귀동,중상사고,0,1,0,0,차대사람 - 횡단중,안전운전불이행,포장 - 건조,맑음,교차로 - 교차로안,이륜,남,19세,상해없음,보행자,남,41세,중상
393,2018053100100448,2018년 5월 31일 16시,목요일,제주특별자치도 제주시 이도일동,중상사고,0,1,0,0,차대사람 - 기타,안전운전불이행,포장 - 건조,맑음,단일로 - 기타,승합,남,48세,상해없음,보행자,여,76세,중상
394,2018060100100044,2018년 6월 1일 02시,금요일,제주특별자치도 제주시 이도이동,경상사고,0,0,1,0,차대사람 - 기타,안전운전불이행,포장 - 건조,맑음,교차로 - 교차로안,승용,남,28세,상해없음,보행자,남,36세,경상
395,2018060100100143,2018년 6월 1일 08시,금요일,제주특별자치도 제주시 한림읍,중상사고,0,1,0,0,차대사람 - 횡단중,안전운전불이행,포장 - 건조,맑음,단일로 - 기타,화물,남,39세,상해없음,보행자,여,46세,중상
396,2018060200100157,2018년 6월 2일 09시,토요일,제주특별자치도 서귀포시 서귀동,경상사고,0,0,1,0,차대사람 - 기타,보행자보호의무위반,포장 - 건조,맑음,단일로 - 기타,승용,남,64세,상해없음,보행자,여,68세,경상
397,2018060200100193,2018년 6월 2일 10시,토요일,제주특별자치도 서귀포시 동홍동,중상사고,0,1,0,0,차대사람 - 기타,안전운전불이행,포장 - 건조,맑음,교차로 - 교차로부근,승용,남,45세,상해없음,보행자,여,78세,중상
398,2018060200100463,2018년 6월 2일 16시,토요일,제주특별자치도 제주시 연동,중상사고,0,1,0,0,차대사람 - 기타,안전운전불이행,포장 - 건조,맑음,단일로 - 기타,승용,남,45세,상해없음,보행자,여,10세,중상
399,2018060300100043,2018년 6월 3일 03시,일요일,제주특별자치도 제주시 이도이동,경상사고,0,0,1,0,차대사람 - 기타,안전운전불이행,포장 - 건조,맑음,교차로 - 교차로부근,승합,남,66세,상해없음,보행자,여,25세,경상
400,2018060300100169,2018년 6월 3일 11시,일요일,제주특별자치도 제주시 도련일동,중상사고,0,1,0,0,차대사람 - 기타,안전운전불이행,포장 - 건조,맑음,기타 - 기타,자전거,남,14세,상해없음,보행자,여,45세,중상
401,2018060300100317,2018년 6월 3일 16시,일요일,제주특별자치도 제주시 외도일동,경상사고,0,0,1,0,차대사람 - 횡단중,안전운전불이행,포장 - 건조,맑음,기타 - 기타,승용,남,65세,상해없음,보행자,여,7세,경상
402,2018060300100413,2018년 6월 3일 19시,일요일,제주특별자치도 제주시 삼양이동,경상사고,0,0,1,0,차대사람 - 기타,안전운전불이행,포장 - 건조,맑음,단일로 - 기타,승용,남,55세,상해없음,보행자,남,35세,경상
403,2018060400100149,2018년 6월 4일 08시,월요일,제주특별자치도 서귀포시 동홍동,중상사고,0,1,1,0,차대사람 - 차도통행중,중앙선침범,포장 - 건조,맑음,교차로 - 교차로안,화물,남,62세,상해없음,보행자,여,11세,중상
404,2018060400100278,2018년 6월 4일 12시,월요일,제주특별자치도 제주시 조천읍,경상사고,0,0,1,0,차대사람 - 횡단중,안전운전불이행,포장 - 건조,맑음,단일로 - 기타,승용,남,57세,상해없음,보행자,여,53세,경상
405,2018060400100355,2018년 6월 4일 14시,월요일,제주특별자치도 제주시 이호이동,경상사고,0,0,1,0,차대사람 - 기타,보행자보호의무위반,포장 - 건조,맑음,교차로 - 교차로부근,승용,남,45세,기타불명,보행자,여,61세,경상
406,2018060500100179,2018년 6월 5일 09시,화요일,제주특별자치도 제주시 노형동,중상사고,0,1,0,0,차대사람 - 보도통행중,보행자보호의무위반,포장 - 젖음/습기,비,단일로 - 기타,화물,남,37세,상해없음,보행자,남,27세,중상