,사고번호,사고일시,요일,시군구,사고내용,사망자수,중상자수,경상자수,부상신고자수,사고유형,법규위반,노면상태,기상상태,도로형태,가해운전자 차종,가해운전자 성별,가해운전자 연령,가해운전자 상해정도,피해운전자 차종,피해운전자 성별,피해운전자 연령,피해운전자 상해정도
407,2018060600100079,2018년 6월 6일 04시,수요일,제주특별자치도 제주시 연동,경상사고,0,0,1,0,차대사람 - 횡단중,안전운전불이행,포장 - 건조,맑음,단일로 - 기타,승용,여,60세,상해없음,보행자,남,37세,경상
408,2018060600100246,2018년 6월 6일 12시,수요일,제주특별자치도 제주시 애월읍,경상사고,0,0,1,0,차대사람 - 기타,보행자보호의무위반,포장 - 건조,맑음,교차로 - 교차로횡단보도내,승용,남,33세,상해없음,보행자,남,3세,경상
409,2018060600100395,2018년 6월 6일 16시,수요일,제주특별자치도 제주시 외도일동,경상사고,0,0,1,0,차대사람 - 기타,안전운전불이행,포장 - 건조,맑음,단일로 - 기타,승용,여,37세,상해없음,보행자,남,10세,경상
410,2018060600100462,2018년 6월 6일 18시,수요일,제주특별자치도 서귀포시 성산읍,중상사고,0,1,0,0,차대사람 - 차도통행중,보행자보호의무위반,포장 - 건조,맑음,단일로 - 기타,승용,여,55세,상해없음,보행자,여,79세,중상
411,2018060700100117,2018년 6월 7일 08시,목요일,제주특별자치도 제주시 노형동,경상사고,0,0,1,0,차대사람 - 기타,안전운전불이행,포장 - 건조,맑음,기타 - 기타,승용,여,65세,상해없음,보행자,남,62세,경상
412,2018060700100188,2018년 6월 7일 10시,목요일,제주특별자치도 서귀포시 성산읍,경상사고,0,0,1,0,차대사람 - 기타,안전운전불이행,포장 - 건조,맑음,교차로 - 교차로부근,승용,여,51세,상해없음,보행자,남,53세,경상
413,2018060700100221,2018년 6월 7일 11시,목요일,제주특별자치도 제주시 도두일동,경상사고,0,0,1,0,차대사람 - 기타,안전운전불이행,포장 - 건조,맑음,단일로 - 기타,승용,남,65세,상해없음,보행자,남,49세,경상
414,2018060700100281,2018년 6월 7일 13시,목요일,제주특별자치도 제주시 연동,경상사고,0,0,1,0,차대사람 - 길가장자리구역통행중,안전운전불이행,포장 - 건조,맑음,단일로 - 기타,승용,남,65세,상해없음,보행자,여,36세,경상
415,2018060700100377,2018년 6월 7일 16시,목요일,제주특별자치도 제주시 이도이동,경상사고,0,0,1,0,차대사람 - 기타,안전운전불이행,포장 - 건조,맑음,단일로 - 기타,승용,여,41세,상해없음,보행자,여,47세,경상
416,2018060800100217,2018년 6월 8일 10시,금요일,제주특별자치도 제주시 도두이동,경상사고,0,0,1,0,차대사람 - 차도통행중,안전운전불이행,포장 - 건조,맑음,기타 - 기타,기타불명,기타불명,미분류,기타불명,보행자,여,73세,경상
417,2018060800100355,2018년 6월 8일 14시,금요일,제주특별자치도 서귀포시 서홍동,경상사고,0,0,1,0,차대사람 - 기타,안전운전불이행,포장 - 건조,맑음,기타 - 기타,자전거,남,61세,상해없음,보행자,남,7세,경상
418,2018060800100607,2018년 6월 8일 20시,금요일,제주특별자치도 제주시 연동,중상사고,0,1,0,0,차대사람 - 횡단중,안전운전불이행,포장 - 건조,맑음,단일로 - 기타,승용,여,40세,상해없음,보행자,남,49세,중상
419,2018060800100645,2018년 6월 8일 21시,금요일,제주특별자치도 제주시 용담일동,경상사고,0,0,1,0,차대사람 - 횡단중,보행자보호의무위반,포장 - 건조,맑음,교차로 - 교차로횡단보도내,승용,남,53세,상해없음,보행자,남,61세,경상
420,2018060900100104,2018년 6월 9일 07시,토요일,제주특별자치도 제주시 구좌읍,중상사고,0,1,0,0,차대사람 - 기타,안전운전불이행,포장 - 건조,맑음,단일로 - 기타,화물,남,48세,상해없음,보행자,남,50세,중상
421,2018060900100510,2018년 6월 9일 19시,토요일,제주특별자치도 서귀포시 서귀동,부상신고사고,0,0,0,1,차대사람 - 기타,안전운전불이행,포장 - 건조,맑음,교차로 - 교차로안,화물,여,59세,상해없음,보행자,남,25세,부상신고
422,2018061000100427,2018년 6월 10일 20시,일요일,제주특별자치도 서귀포시 대정읍,부상신고사고,0,0,0,1,차대사람 - 기타,안전운전불이행,포장 - 건조,맑음,교차로 - 교차로안,기타불명,기타불명,미분류,기타불명,보행자,여,43세,부상신고
423,2018061000100450,2018년 6월 10일 21시,일요일,제주특별자치도 제주시 연동,중상사고,0,1,0,0,차대사람 - 횡단중,보행자보호의무위반,포장 - 건조,맑음,단일로 - 기타,승용,남,23세,상해없음,보행자,남,24세,중상
424,2018061100100310,2018년 6월 11일 14시,월요일,제주특별자치도 제주시 이호일동,부상신고사고,0,0,0,1,차대사람 - 길가장자리구역통행중,안전운전불이행,포장 - 건조,맑음,주차장 - 주차장,승용,남,23세,상해없음,보행자,남,27세,부상신고
425,2018061100100530,2018년 6월 11일 20시,월요일,제주특별자치도 제주시 용담일동,경상사고,0,0,1,0,차대사람 - 기타,안전운전불이행,포장 - 건조,맑음,단일로 - 기타,승합,남,49세,상해없음,보행자,남,74세,경상
426,2018061200100359,2018년 6월 12일 15시,화요일,제주특별자치도 제주시 연동,부상신고사고,0,0,0,1,차대사람 - 길가장자리구역통행중,안전운전불이행,포장 - 건조,맑음,단일로 - 기타,승용,남,53세,상해없음,보행자,남,20세,부상신고
427,2018061200100544,2018년 6월 12일 19시,화요일,제주특별자치도 제주시 연동,부상신고사고,0,0,0,1,차대사람 - 기타,안전운전불이행,포장 - 건조,맑음,단일로 - 기타,승용,남,57세,상해없음,보행자,여,24세,부상신고
428,2018061300100060,2018년 6월 13일 03시,수요일,제주특별자치도 제주시 오라일동,사망사고,1,0,0,0,차대사람 - 기타,안전운전불이행,포장 - 건조,맑음,교차로 - 교차로안,승용,남,37세,상해없음,보행자,남,76세,사망
429,2018061300100533,2018년 6월 13일 21시,수요일,제주특별자치도 제주시 애월읍,중상사고,0,1,0,0,차대사람 - 횡단중,안전운전불이행,포장 - 건조,흐림,교차로 - 교차로부근,승용,남,42세,상해없음,보행자,남,19세,중상
430,2018061400100073,2018년 6월 14일 07시,목요일,제주특별자치도 제주시 오라삼동,중상사고,0,1,0,0,차대사람 - 횡단중,안전운전불이행,포장 - 건조,맑음,미분류 - 미분류,승용,여,44세,상해없음,보행자,남,57세,중상
431,2018061400100161,2018년 6월 14일 09시,목요일,제주특별자치도 제주시 아라일동,중상사고,0,1,0,0,차대사람 - 횡단중,안전운전불이행,포장 - 건조,맑음,단일로 - 기타,승용,여,36세,상해없음,보행자,남,72세,중상
432,2018061400100297,2018년 6월 14일 14시,목요일,제주특별자치도 제주시 일도이동,중상사고,0,1,0,0,차대사람 - 횡단중,안전운전불이행,포장 - 건조,맑음,단일로 - 기타,승합,여,47세,상해없음,보행자,여,77세,중상
433,2018061400100298,2018년 6월 14일 14시,목요일,제주특별자치도 제주시 일도일동,중상사고,0,1,0,0,차대사람 - 횡단중,안전운전불이행,포장 - 건조,맑음,단일로 - 기타,화물,남,34세,상해없음,보행자,여,70세,중상
434,2018061500100505,2018년 6월 15일 18시,금요일,제주특별자치도 제주시 한경면,중상사고,0,1,0,0,차대사람 - 차도통행중,안전거리미확보,포장 - 건조,맑음,기타 - 기타,이륜,여,68세,상해없음,보행자,여,68세,중상
435,2018061700100163,2018년 6월 17일 11시,일요일,제주특별자치도 제주시 일도이동,중상사고,0,1,0,0,차대사람 - 횡단중,보행자보호의무위반,포장 - 건조,맑음,단일로 - 기타,승용,여,46세,상해없음,보행자,남,6세,중상
436,2018061700100356,2018년 6월 17일 18시,일요일,제주특별자치도 제주시 이도이동,경상사고,0,0,1,0,차대사람 - 횡단중,안전운전불이행,포장 - 건조,맑음,단일로 - 기타,승용,여,56세,상해없음,보행자,남,10세,경상
437,2018061800100128,2018년 6월 18일 08시,월요일,제주특별자치도 제주시 도련이동,중상사고,0,1,0,0,차대사람 - 횡단중,안전운전불이행,포장 - 건조,맑음,교차로 - 교차로부근,승용,여,38세,상해없음,보행자,여,70세,중상
438,2018061800100371,2018년 6월 18일 15시,월요일,제주특별자치도 서귀포시 중문동,경상사고,0,0,1,0,차대사람 - 차도통행중,안전운전불이행,포장 - 건조,맑음,단일로 - 기타,승용,남,60세,상해없음,보행자,여,55세,경상
439,2018061800100602,2018년 6월 18일 20시,월요일,제주특별자치도 제주시 일도이동,중상사고,0,1,0,0,차대사람 - 횡단중,안전운전불이행,포장 - 건조,맑음,단일로 - 기타,화물,남,46세,상해없음,보행자,남,59세,중상
440,2018061900100215,2018년 6월 19일 11시,화요일,제주특별자치도 제주시 노형동,중상사고,0,1,0,0,차대사람 - 기타,안전운전불이행,포장 - 젖음/습기,흐림,단일로 - 기타,화물,남,22세,상해없음,보행자,남,45세,중상
441,2018061900100216,2018년 6월 19일 11시,화요일,제주특별자치도 제주시 연동,중상사고,0,1,0,0,차대사람 - 기타,기타,포장 - 건조,맑음,단일로 - 기타,승합,남,43세,상해없음,보행자,여,81세,중상
442,2018062000100229,2018년 6월 20일 12시,수요일,제주특별자치도 제주시 연동,경상사고,0,0,1,0,차대사람 - 횡단중,보행자보호의무위반,포장 - 건조,맑음,교차로 - 교차로부근,승합,남,61세,상해없음,보행자,여,25세,경상
443,2018062100100186,2018년 6월 21일 10시,목요일,제주특별자치도 제주시 이도이동,경상사고,0,0,1,0,차대사람 - 횡단중,안전운전불이행,포장 - 건조,맑음,단일로 - 기타,화물,여,58세,상해없음,보행자,여,81세,경상
444,2018062100100253,2018년 6월 21일 12시,목요일,제주특별자치도 제주시 한림읍,경상사고,0,0,1,0,차대사람 - 차도통행중,안전운전불이행,포장 - 건조,맑음,단일로 - 기타,화물,남,67세,상해없음,보행자,남,65세,경상
445,2018062100100440,2018년 6월 21일 17시,목요일,제주특별자치도 제주시 용담이동,중상사고,0,1,0,0,차대사람 - 기타,안전운전불이행,포장 - 건조,맑음,단일로 - 기타,화물,남,31세,상해없음,보행자,여,1세,중상
446,2018062100100597,2018년 6월 21일 21시,목요일,제주특별자치도 제주시 아라이동,중상사고,0,1,0,0,차대사람 - 횡단중,보행자보호의무위반,포장 - 건조,맑음,교차로 - 교차로횡단보도내,승용,남,45세,상해없음,보행자,여,17세,중상
447,2018062200100014,2018년 6월 22일 00시,금요일,제주특별자치도 제주시 연동,경상사고,0,0,1,0,차대사람 - 길가장자리구역통행중,안전운전불이행,포장 - 건조,맑음,교차로 - 교차로부근,승용,남,37세,상해없음,보행자,남,23세,경상
448,2018062200100362,2018년 6월 22일 14시,금요일,제주특별자치도 제주시 애월읍,경상사고,0,0,1,0,차대사람 - 보도통행중,신호위반,포장 - 건조,맑음,단일로 - 기타,승용,남,56세,상해없음,보행자,여,10세,경상
449,2018062200100406,2018년 6월 22일 15시,금요일,제주특별자치도 제주시 애월읍,부상신고사고,0,0,0,1,차대사람 - 기타,안전운전불이행,포장 - 기타,맑음,기타 - 기타,승용,여,22세,상해없음,보행자,여,24세,부상신고
450,2018062200100568,2018년 6월 22일 18시,금요일,제주특별자치도 제주시 노형동,부상신고사고,0,0,0,1,차대사람 - 횡단중,안전운전불이행,포장 - 기타,맑음,기타 - 기타,승용,남,67세,상해없음,보행자,남,25세,부상신고
451,2018062400100138,2018년 6월 24일 10시,일요일,제주특별자치도 제주시 용담이동,중상사고,0,1,0,0,차대사람 - 기타,기타,포장 - 건조,맑음,단일로 - 기타,승용,남,65세,상해없음,보행자,여,50세,중상
452,2018062400100347,2018년 6월 24일 18시,일요일,제주특별자치도 제주시 이도이동,중상사고,0,1,0,0,차대사람 - 기타,안전운전불이행,포장 - 건조,맑음,단일로 - 기타,승용,여,49세,상해없음,보행자,남,5세,중상
453,2018062500100507,2018년 6월 25일 17시,월요일,제주특별자치도 제주시 일도일동,경상사고,0,0,1,0,차대사람 - 기타,안전운전불이행,포장 - 건조,맑음,단일로 - 기타,승용,남,47세,상해없음,보행자,남,57세,경상
454,2018062600100152,2018년 6월 26일 08시,화요일,제주특별자치도 서귀포시 서귀동,부상신고사고,0,0,0,1,차대사람 - 기타,중앙선침범,포장 - 건조,맑음,교차로 - 교차로안,화물,남,62세,상해없음,보행자,여,47세,부상신고
455,2018062600100624,2018년 6월 26일 22시,화요일,제주특별자치도 제주시 연동,경상사고,0,0,1,0,차대사람 - 길가장자리구역통행중,안전운전불이행,포장 - 건조,맑음,단일로 - 기타,승용,남,58세,상해없음,보행자,남,44세,경상
456,2018062700100088,2018년 6월 27일 07시,수요일,제주특별자치도 서귀포시 남원읍,부상신고사고,0,0,0,1,차대사람 - 차도통행중,안전운전불이행,포장 - 건조,맑음,단일로 - 기타,승용,남,68세,상해없음,보행자,남,18세,부상신고
457,2018062700100476,2018년 6월 27일 20시,수요일,제주특별자치도 서귀포시 서귀동,중상사고,0,1,0,0,차대사람 - 기타,안전운전불이행,포장 - 젖음/습기,흐림,단일로 - 기타,승용,남,24세,상해없음,보행자,남,58세,중상
458,2018062800100324,2018년 6월 28일 15시,목요일,제주특별자치도 제주시 연동,중상사고,0,1,0,0,차대사람 - 기타,안전운전불이행,포장 - 젖음/습기,비,단일로 - 기타,승합,남,54세,상해없음,보행자,여,28세,중상
459,2018062900100133,2018년 6월 29일 08시,금요일,제주특별자치도 제주시 오라삼동,경상사고,0,0,1,0,차대사람 - 기타,안전운전불이행,포장 - 건조,맑음,주차장 - 주차장,승용,남,59세,상해없음,보행자,여,25세,경상
460,2018062900100349,2018년 6월 29일 15시,금요일,제주특별자치도 제주시 한림읍,중상사고,0,1,0,0,차대사람 - 기타,안전운전불이행,포장 - 건조,흐림,단일로 - 기타,화물,남,49세,상해없음,보행자,여,85세,중상
461,2018062900100387,2018년 6월 29일 16시,금요일,제주특별자치도 서귀포시 서귀동,경상사고,0,0,1,0,차대사람 - 보도통행중,보행자보호의무위반,포장 - 건조,흐림,교차로 - 교차로횡단보도내,승용,여,46세,상해없음,보행자,남,14세,경상
462,2018063000100230,2018년 6월 30일 12시,토요일,제주특별자치도 서귀포시 동홍동,중상사고,0,1,0,0,차대사람 - 횡단중,보행자보호의무위반,포장 - 건조,맑음,교차로 - 교차로횡단보도내,승용,남,58세,상해없음,보행자,여,31세,중상
463,2018070100100182,2018년 7월 1일 13시,일요일,제주특별자치도 제주시 일도이동,중상사고,0,1,1,0,차대사람 - 기타,안전운전불이행,포장 - 건조,맑음,단일로 - 기타,승용,남,38세,상해없음,보행자,여,6세,중상
464,2018070100100287,2018년 7월 1일 17시,일요일,제주특별자치도 제주시 도련일동,경상사고,0,0,1,0,차대사람 - 기타,안전운전불이행,포장 - 건조,맑음,단일로 - 기타,승용,남,59세,상해없음,보행자,남,5세,경상
465,2018070200100013,2018년 7월 2일 00시,월요일,제주특별자치도 제주시 연동,중상사고,0,1,0,0,차대사람 - 횡단중,안전운전불이행,포장 - 젖음/습기,비,단일로 - 기타,승용,남,33세,상해없음,보행자,남,35세,중상
466,2018070200100129,2018년 7월 2일 08시,월요일,제주특별자치도 서귀포시 대정읍,경상사고,0,0,1,0,차대사람 - 횡단중,안전운전불이행,포장 - 건조,맑음,단일로 - 기타,승용,여,39세,상해없음,보행자,여,50세,경상
467,2018070200100240,2018년 7월 2일 12시,월요일,제주특별자치도 제주시 일도이동,경상사고,0,0,1,0,차대사람 - 횡단중,보행자보호의무위반,포장 - 건조,맑음,교차로 - 교차로횡단보도내,승용,여,29세,상해없음,보행자,여,25세,경상
468,2018070300100402,2018년 7월 3일 17시,화요일,제주특별자치도 제주시 노형동,경상사고,0,0,1,0,차대사람 - 기타,안전운전불이행,포장 - 건조,맑음,단일로 - 기타,기타불명,기타불명,미분류,기타불명,보행자,남,6세,경상
469,2018070400100420,2018년 7월 4일 17시,수요일,제주특별자치도 제주시 조천읍,중상사고,0,1,0,0,차대사람 - 기타,안전운전불이행,포장 - 건조,맑음,단일로 - 기타,화물,남,35세,상해없음,보행자,여,52세,중상
470,2018070400100501,2018년 7월 4일 19시,수요일,제주특별자치도 제주시 삼도이동,경상사고,0,0,1,0,차대사람 - 기타,안전운전불이행,포장 - 건조,맑음,단일로 - 기타,승용,남,12세,상해없음,보행자,여,57세,경상
471,2018070600100139,2018년 7월 6일 09시,금요일,제주특별자치도 서귀포시 성산읍,부상신고사고,0,0,0,1,차대사람 - 기타,안전운전불이행,포장 - 젖음/습기,비,기타 - 기타,승용,남,60세,상해없음,보행자,여,74세,부상신고
472,2018070600100296,2018년 7월 6일 14시,금요일,제주특별자치도 제주시 용담이동,경상사고,0,0,1,0,차대사람 - 횡단중,보행자보호의무위반,포장 - 건조,맑음,단일로 - 기타,승용,남,59세,상해없음,보행자,남,60세,경상
473,2018070600100367,2018년 7월 6일 16시,금요일,제주특별자치도 제주시 이도이동,경상사고,0,0,1,0,차대사람 - 기타,보행자보호의무위반,포장 - 젖음/습기,비,교차로 - 교차로횡단보도내,승용,여,50세,상해없음,보행자,남,6세,경상
474,2018070600100496,2018년 7월 6일 19시,금요일,제주특별자치도 제주시 외도일동,경상사고,0,0,1,0,차대사람 - 횡단중,안전운전불이행,포장 - 건조,맑음,교차로 - 교차로안,화물,남,49세,상해없음,보행자,남,52세,경상
475,2018070600100525,2018년 7월 6일 20시,금요일,제주특별자치도 제주시 이도이동,경상사고,0,0,1,0,차대사람 - 횡단중,보행자보호의무위반,포장 - 젖음/습기,흐림,교차로 - 교차로부근,승용,여,46세,상해없음,보행자,여,43세,경상
476,2018070700100228,2018년 7월 7일 11시,토요일,제주특별자치도 서귀포시 표선면,중상사고,0,1,0,0,차대사람 - 기타,안전운전불이행,포장 - 건조,맑음,단일로 - 기타,승합,남,63세,상해없음,보행자,여,79세,중상
477,2018070700100538,2018년 7월 7일 19시,토요일,제주특별자치도 제주시 조천읍,경상사고,0,0,1,0,차대사람 - 기타,안전운전불이행,포장 - 건조,맑음,단일로 - 기타,승용,여,46세,상해없음,보행자,여,40세,경상
478,2018070700100592,2018년 7월 7일 21시,토요일,제주특별자치도 서귀포시 성산읍,중상사고,0,1,0,0,차대사람 - 기타,안전운전불이행,포장 - 건조,맑음,단일로 - 기타,승용,남,31세,상해없음,보행자,남,67세,중상
479,2018070800100212,2018년 7월 8일 14시,일요일,제주특별자치도 제주시 노형동,경상사고,0,0,1,0,차대사람 - 보도통행중,안전운전불이행,포장 - 건조,맑음,기타 - 기타,승용,남,28세,상해없음,보행자,남,55세,경상
480,2018070800100419,2018년 7월 8일 21시,일요일,제주특별자치도 제주시 이도일동,경상사고,0,0,1,0,차대사람 - 기타,안전운전불이행,포장 - 젖음/습기,비,단일로 - 기타,승용,남,59세,상해없음,보행자,남,62세,경상
481,2018070800100450,2018년 7월 8일 23시,일요일,제주특별자치도 제주시 이도일동,중상사고,0,1,0,0,차대사람 - 횡단중,안전운전불이행,포장 - 젖음/습기,비,단일로 - 기타,승용,여,43세,상해없음,보행자,남,45세,중상
482,2018070900100010,2018년 7월 9일 00시,월요일,제주특별자치도 서귀포시 표선면,경상사고,0,0,1,0,차대사람 - 기타,안전운전불이행,포장 - 건조,맑음,단일로 - 기타,승용,남,36세,상해없음,보행자,여,27세,경상
483,2018070900100313,2018년 7월 9일 16시,월요일,제주특별자치도 제주시 노형동,경상사고,0,0,1,0,차대사람 - 차도통행중,안전운전불이행,포장 - 건조,맑음,단일로 - 기타,승용,남,69세,상해없음,보행자,남,15세,경상
484,2018070900100456,2018년 7월 9일 20시,월요일,제주특별자치도 제주시 조천읍,중상사고,0,1,0,0,차대사람 - 기타,안전운전불이행,포장 - 건조,흐림,교차로 - 교차로안,승용,남,19세,상해없음,보행자,여,5세,중상
485,2018071000100078,2018년 7월 10일 06시,화요일,제주특별자치도 제주시 건입동,중상사고,0,1,0,0,차대사람 - 횡단중,보행자보호의무위반,포장 - 건조,맑음,교차로 - 교차로안,승용,여,38세,상해없음,보행자,여,72세,중상
486,2018071000100439,2018년 7월 10일 18시,화요일,제주특별자치도 제주시 한림읍,경상사고,0,0,1,0,차대사람 - 기타,안전운전불이행,포장 - 건조,맑음,주차장 - 주차장,승용,여,37세,상해없음,보행자,남,1세,경상
487,2018071000100534,2018년 7월 10일 21시,화요일,제주특별자치도 서귀포시 성산읍,중상사고,0,1,0,0,차대사람 - 기타,안전운전불이행,포장 - 기타,맑음,단일로 - 기타,화물,남,59세,상해없음,보행자,여,31세,중상
488,2018071100100010,2018년 7월 11일 00시,수요일,제주특별자치도 제주시 연동,부상신고사고,0,0,0,1,차대사람 - 횡단중,안전운전불이행,포장 - 건조,맑음,단일로 - 기타,이륜,남,30세,부상신고,보행자,남,48세,상해없음
489,2018071100100122,2018년 7월 11일 08시,수요일,제주특별자치도 제주시 노형동,중상사고,0,1,0,0,차대사람 - 횡단중,기타,포장 - 건조,맑음,기타 - 기타,승용,남,73세,상해없음,보행자,남,36세,중상
490,2018071100100124,2018년 7월 11일 08시,수요일,제주특별자치도 제주시 연동,경상사고,0,0,1,0,차대사람 - 기타,안전운전불이행,포장 - 건조,맑음,단일로 - 기타,승용,남,32세,상해없음,보행자,남,21세,경상
491,2018071200100023,2018년 7월 12일 00시,목요일,제주특별자치도 제주시 일도일동,경상사고,0,0,1,0,차대사람 - 기타,안전운전불이행,포장 - 건조,맑음,교차로 - 교차로부근,승용,남,68세,상해없음,보행자,남,47세,경상
492,2018071200100425,2018년 7월 12일 17시,목요일,제주특별자치도 제주시 연동,중상사고,0,1,0,0,차대사람 - 횡단중,보행자보호의무위반,포장 - 건조,맑음,교차로 - 교차로횡단보도내,승용,남,63세,상해없음,보행자,여,58세,중상
493,2018071300100424,2018년 7월 13일 17시,금요일,제주특별자치도 제주시 노형동,경상사고,0,0,1,0,차대사람 - 횡단중,보행자보호의무위반,포장 - 건조,맑음,교차로 - 교차로횡단보도내,승용,여,26세,상해없음,보행자,남,36세,경상
494,2018071300100425,2018년 7월 13일 17시,금요일,제주특별자치도 제주시 노형동,경상사고,0,0,1,0,차대사람 - 횡단중,보행자보호의무위반,포장 - 건조,맑음,교차로 - 교차로안,승용,남,50세,상해없음,보행자,남,52세,경상
495,2018071400100041,2018년 7월 14일 02시,토요일,제주특별자치도 제주시 화북일동,부상신고사고,0,0,0,1,차대사람 - 기타,안전운전불이행,포장 - 건조,맑음,교차로 - 교차로안,이륜,남,17세,부상신고,보행자,남,22세,상해없음
496,2018071500100037,2018년 7월 15일 02시,일요일,제주특별자치도 제주시 연동,중상사고,0,1,0,0,차대사람 - 기타,안전운전불이행,포장 - 건조,기타,교차로 - 교차로부근,승용,남,27세,상해없음,보행자,남,27세,중상
497,2018071500100084,2018년 7월 15일 07시,일요일,제주특별자치도 제주시 노형동,중상사고,0,1,0,0,차대사람 - 횡단중,보행자보호의무위반,포장 - 건조,맑음,교차로 - 교차로횡단보도내,승용,여,47세,상해없음,보행자,여,78세,중상
498,2018071500100276,2018년 7월 15일 15시,일요일,제주특별자치도 서귀포시 서홍동,부상신고사고,0,0,0,1,차대사람 - 기타,안전운전불이행,포장 - 건조,맑음,기타 - 기타,승용,여,65세,상해없음,보행자,여,71세,부상신고
499,2018071500100437,2018년 7월 15일 21시,일요일,제주특별자치도 제주시 연동,중상사고,0,1,0,0,차대사람 - 횡단중,안전운전불이행,포장 - 건조,맑음,단일로 - 기타,승용,남,63세,상해없음,보행자,여,84세,중상
500,2018071700100293,2018년 7월 17일 12시,화요일,제주특별자치도 제주시 조천읍,중상사고,0,1,0,0,차대사람 - 기타,안전운전불이행,포장 - 건조,맑음,주차장 - 주차장,화물,남,39세,상해없음,보행자,여,54세,중상
501,2018071700100638,2018년 7월 17일 21시,화요일,제주특별자치도 제주시 한림읍,사망사고,1,0,0,0,차대사람 - 횡단중,보행자보호의무위반,포장 - 건조,맑음,교차로 - 교차로횡단보도내,승용,남,33세,상해없음,보행자,남,69세,사망
502,2018071800100399,2018년 7월 18일 16시,수요일,제주특별자치도 서귀포시 표선면,중상사고,0,1,0,0,차대사람 - 기타,안전운전불이행,포장 - 건조,맑음,교차로 - 교차로부근,화물,남,60세,상해없음,보행자,남,38세,중상
503,2018071800100438,2018년 7월 18일 17시,수요일,제주특별자치도 제주시 연동,부상신고사고,0,0,0,1,차대사람 - 기타,안전운전불이행,포장 - 건조,맑음,단일로 - 기타,승용,여,43세,상해없음,보행자,여,15세,부상신고
504,2018071800100598,2018년 7월 18일 21시,수요일,제주특별자치도 서귀포시 성산읍,경상사고,0,0,3,0,차대사람 - 기타,안전운전불이행,포장 - 건조,흐림,단일로 - 기타,승용,여,41세,상해없음,보행자,여,72세,경상
505,2018071900100296,2018년 7월 19일 12시,목요일,제주특별자치도 제주시 도두이동,경상사고,0,0,1,0,차대사람 - 차도통행중,안전운전불이행,포장 - 건조,맑음,단일로 - 기타,승합,여,57세,상해없음,보행자,남,58세,경상
506,2018071900100439,2018년 7월 19일 16시,목요일,제주특별자치도 제주시 조천읍,경상사고,0,0,1,0,차대사람 - 기타,안전운전불이행,포장 - 건조,맑음,단일로 - 기타,승용,남,35세,상해없음,보행자,여,52세,경상
507,2018071900100497,2018년 7월 19일 17시,목요일,제주특별자치도 제주시 외도일동,경상사고,0,0,1,0,차대사람 - 기타,기타,포장 - 건조,맑음,교차로 - 교차로안,화물,남,68세,상해없음,보행자,여,78세,경상
508,2018072000100519,2018년 7월 20일 17시,금요일,제주특별자치도 제주시 조천읍,경상사고,0,0,1,0,차대사람 - 횡단중,보행자보호의무위반,포장 - 건조,맑음,교차로 - 교차로횡단보도내,승용,남,69세,상해없음,보행자,남,61세,경상